rnum,rank,rankInten,rankOldAndNew,movieCd,movieNm,openDt,salesAmt,salesShare,salesInten,salesChange,salesAcc,audiCnt,audiInten,audiChange,audiAcc,scrnCnt,showCnt,targetDt
1,1,0,OLD,20193450,반도,2020-07-15,1183766780,87.7,-2804113320,-70.3,17065939380,141480,-301684,-68.1,1945520,2258,10778,20200720
2,2,0,OLD,20193069,#살아있다,2020-06-24,34586820,2.6,-37027380,-51.7,15675513340,4806,-4384,-47.7,1855485,477,1057,20200720
3,3,0,OLD,20204644,밤쉘: 세상을 바꾼 폭탄선언,2020-07-08,33282220,2.5,-35391720,-51.5,1218120740,4085,-3599,-46.8,143174,459,953,20200720
4,4,1,OLD,20200162,소년시절의 너,2020-07-09,16606000,1.2,-8469800,-33.8,286011800,2021,-808,-28.6,33373,162,303,20200720
5,5,1,OLD,20200845,비바리움,2020-07-16,10276380,0.8,-10257580,-50,80788380,1250,-1006,-44.6,9320,124,209,20200720
6,6,-2,OLD,20191048,온워드: 단 하루의 기적,2020-06-17,9421900,0.7,-30066180,-76.1,3389116500,1155,-3455,-74.9,392438,133,203,20200720
7,7,0,NEW,20209882,블루 아워,2020-07-22,9738000,0.7,9738000,100,11310400,1082,1082,100,1242,1,4,20200720
8,8,2,OLD,20183813,결백,2020-06-10,5455500,0.4,-2032940,-27.1,7628263380,671,-187,-21.8,864092,131,179,20200720
9,9,-1,OLD,20112561,원 데이,2012-12-13,5270900,0.4,-7109200,-57.4,1663513600,647,-690,-51.6,223960,89,130,20200720
10,10,-1,OLD,20201841,부활,2020-07-09,3275500,0.2,-3849000,-54,56974500,452,-454,-50.1,7291,69,79,20200720
1,1,0,OLD,20193450,반도,2020-07-15,3987880100,92.5,-675594160,-14.5,15882172600,443164,-73382,-14.2,1804040,2541,13353,20200719
2,2,0,OLD,20193069,#살아있다,2020-06-24,71614200,1.7,2041200,2.9,15640926520,9190,331,3.7,1850679,491,1093,20200719
3,3,0,OLD,20204644,밤쉘: 세상을 바꾼 폭탄선언,2020-07-08,68673940,1.6,-7192400,-9.5,1184838520,7684,-641,-7.7,139089,418,745,20200719
4,4,0,OLD,20191048,온워드: 단 하루의 기적,2020-06-17,39488080,0.9,9078480,29.9,3379694600,4610,1115,31.9,391283,169,246,20200719
5,5,0,OLD,20200162,소년시절의 너,2020-07-09,25075800,0.6,5480800,28,269405800,2829,607,27.3,31352,123,178,20200719
6,6,0,OLD,20200845,비바리움,2020-07-16,20533960,0.5,1746680,9.3,70512000,2256,118,5.5,8070,129,200,20200719
7,7,0,OLD,20188364,맛있는 녀석들,2020-07-16,12832760,0.3,3698440,40.5,23453580,1565,436,38.6,2894,152,178,20200719
8,8,0,OLD,20112561,원 데이,2012-12-13,12380100,0.3,2147000,21,1658242700,1337,233,21.1,223313,91,123,20200719
9,9,4,OLD,20201841,부활,2020-07-09,7124500,0.2,2564000,56.2,53699000,906,330,57.3,6839,72,74,20200719
10,10,-1,OLD,20183813,결백,2020-06-10,7488440,0.2,324040,4.5,7622807880,858,45,5.5,863421,110,140,20200719
1,1,0,OLD,20193450,반도,2020-07-15,4663474260,93.7,2250704300,93.3,11894292500,516546,250733,94.3,1360876,2575,13769,20200718
2,2,0,OLD,20193069,#살아있다,2020-06-24,69573000,1.4,30031400,75.9,15569312320,8859,3449,63.8,1841489,485,1079,20200718
3,3,0,OLD,20204644,밤쉘: 세상을 바꾼 폭탄선언,2020-07-08,75866340,1.5,30718920,68,1116164580,8325,3256,64.2,131405,431,766,20200718
4,4,2,OLD,20191048,온워드: 단 하루의 기적,2020-06-17,30409600,0.6,21943320,259.2,3340206520,3495,2528,261.4,386673,170,242,20200718
5,5,-1,OLD,20200162,소년시절의 너,2020-07-09,19595000,0.4,7840200,66.7,244330000,2222,859,63,28523,122,168,20200718
6,6,-1,OLD,20200845,비바리움,2020-07-16,18787280,0.4,7723820,69.8,49978040,2138,867,68.2,5814,127,200,20200718
7,7,18,OLD,20188364,맛있는 녀석들,2020-07-16,9134320,0.2,8276320,964.6,10620820,1129,1019,926.4,1329,145,169,20200718
8,8,0,OLD,20112561,원 데이,2012-12-13,10233100,0.2,4925700,92.8,1645862600,1104,453,69.6,221976,91,121,20200718
9,9,0,OLD,20183813,결백,2020-06-10,7164400,0.1,1985440,38.3,7615319440,813,219,36.9,862563,106,126,20200718
10,9,8,OLD,19888010,시네마 천국,1990-07-07,4860500,0.1,3903500,407.9,306935200,813,654,411.3,49867,20,22,20200718
1,1,0,OLD,20193450,반도,2020-07-15,2412769960,93.3,542405420,29,7230818240,265813,42070,18.8,844330,2457,12598,20200717
2,2,0,OLD,20193069,#살아있다,2020-06-24,39541600,1.5,9917360,33.5,15499739320,5410,900,20,1832630,480,1057,20200717
3,3,1,OLD,20204644,밤쉘: 세상을 바꾼 폭탄선언,2020-07-08,45147420,1.7,13405040,42.2,1040298240,5069,1144,29.1,123080,421,815,20200717
4,4,1,OLD,20200162,소년시절의 너,2020-07-09,11754800,0.5,-318200,-2.6,224735000,1363,-134,-9,26301,128,200,20200717
5,5,1,OLD,20200845,비바리움,2020-07-16,11063460,0.4,196660,1.8,31190760,1271,-7,-0.5,3676,123,205,20200717
6,6,2,OLD,20191048,온워드: 단 하루의 기적,2020-06-17,8466280,0.3,1839880,27.8,3309796920,967,156,19.2,383178,110,146,20200717
7,7,0,OLD,20209961,지저귀는 새는 날지 않는다,2020-07-16,6943420,0.3,-1497560,-17.7,18434400,739,-240,-24.5,2038,81,104,20200717
8,8,1,OLD,20112561,원 데이,2012-12-13,5307400,0.2,818100,18.2,1635629500,651,50,8.3,220872,90,122,20200717
9,9,1,OLD,20183813,결백,2020-06-10,5178960,0.2,1523460,41.7,7608155040,594,135,29.4,861750,121,154,20200717
10,10,2,OLD,20208983,시라이,2020-07-15,3480400,0.1,441400,14.5,10890460,396,25,6.7,1293,66,85,20200717
1,1,0,OLD,20193450,반도,2020-07-15,1870364540,91.6,-1061539200,-36.2,4818048280,223743,-129267,-36.6,578517,2358,11846,20200716
2,2,0,OLD,20193069,#살아있다,2020-06-24,29624240,1.5,-2993960,-9.2,15460197720,4510,-317,-6.6,1827220,465,985,20200716
3,3,0,OLD,20201421,BIFAN2020 판타스틱 단편 걸작선 1, ,24000000,1.2,-2400000,-9.1,120000000,4000,-400,-9.1,20000,8,35,20200716
4,4,0,OLD,20204644,밤쉘: 세상을 바꾼 폭탄선언,2020-07-08,31742380,1.6,-1984240,-5.9,995150820,3925,-263,-6.3,118011,416,786,20200716
5,5,0,OLD,20200162,소년시절의 너,2020-07-09,12073000,0.6,2407500,24.9,212980200,1497,336,28.9,24938,131,204,20200716
6,6,76,OLD,20200845,비바리움,2020-07-16,10866800,0.5,10773800,11584.7,20127300,1278,1266,10550,2405,128,210,20200716
7,7,0,NEW,20209961,지저귀는 새는 날지 않는다,2020-07-16,8440980,0.4,8440980,100,11490980,979,979,100,1299,81,104,20200716
8,8,-2,OLD,20191048,온워드: 단 하루의 기적,2020-06-17,6626400,0.3,24700,0.4,3301330640,811,-3,-0.4,382211,106,145,20200716
9,9,-1,OLD,20112561,원 데이,2012-12-13,4489300,0.2,269800,6.4,1630322100,601,22,3.8,220221,78,101,20200716
10,10,-3,OLD,20183813,결백,2020-06-10,3655500,0.2,-1194460,-24.6,7602976080,459,-137,-23,861156,108,139,20200716
1,1,0,NEW,20193450,반도,2020-07-15,2931903740,94.7,2931903740,100,2947683740,353010,353010,100,354774,2338,11822,20200715
2,2,-1,OLD,20193069,#살아있다,2020-06-24,32618200,1.1,-91548140,-73.7,15430573480,4827,-10578,-68.7,1822710,498,1069,20200715
3,3,5,OLD,20201421,BIFAN2020 판타스틱 단편 걸작선 1, ,26400000,0.9,18000000,214.3,96000000,4400,3000,214.3,16000,8,38,20200715
4,4,-2,OLD,20204644,밤쉘: 세상을 바꾼 폭탄선언,2020-07-08,33726620,1.1,-34834260,-50.8,963408440,4188,-4313,-50.7,114086,422,867,20200715
5,5,0,OLD,20200162,소년시절의 너,2020-07-09,9665500,0.3,-7570200,-43.9,200907200,1161,-892,-43.4,23441,128,205,20200715
6,6,0,OLD,20191048,온워드: 단 하루의 기적,2020-06-17,6601700,0.2,-9558580,-59.1,3294704240,814,-1145,-58.4,381400,112,155,20200715
7,7,-4,OLD,20183813,결백,2020-06-10,4849960,0.2,-21953260,-81.9,7599320580,596,-2655,-81.7,860697,127,176,20200715
8,8,-1,OLD,20112561,원 데이,2012-12-13,4219500,0.1,-7173300,-63,1625832800,579,-949,-62.1,219620,84,114,20200715
9,9,0,NEW,20200749,파리의 인어,2020-07-23,3787000,0.1,3787000,100,3787000,541,541,100,541,4,4,20200715
10,10,0,NEW,20208983,시라이,2020-07-15,4371060,0.1,4371060,100,4371060,526,526,100,526,66,88,20200715
1,1,0,OLD,20193069,#살아있다,2020-06-24,124166340,33.2,-36114300,-22.5,15397955280,15405,-4137,-21.2,1817883,992,3288,20200714
2,2,0,OLD,20204644,밤쉘: 세상을 바꾼 폭탄선언,2020-07-08,68560880,18.3,4178400,6.5,929681820,8501,568,7.2,109898,756,2130,20200714
3,3,0,OLD,20183813,결백,2020-06-10,26803220,7.2,-5264620,-16.4,7594470620,3251,-601,-15.6,860101,405,751,20200714
4,4,1,OLD,20112703,다크 나이트 라이즈,2012-07-19,18218920,4.9,2360440,14.9,47908099120,2318,288,14.2,6428134,280,443,20200714
5,5,1,OLD,20200162,소년시절의 너,2020-07-09,17235700,4.6,661200,4,191241700,2053,98,5,22280,211,424,20200714
6,6,-2,OLD,20191048,온워드: 단 하루의 기적,2020-06-17,16160280,4.3,-693520,-4.1,3288102540,1959,-100,-4.9,380586,301,439,20200714
7,7,2,OLD,20112561,원 데이,2012-12-13,11392800,3.0,1092200,10.6,1621613300,1528,250,19.6,219041,143,299,20200714
8,8,-1,OLD,20201421,BIFAN2020 판타스틱 단편 걸작선 1, ,8400000,2.2,0,0,69600000,1400,0,0,11600,3,12,20200714
9,9,-1,OLD,20196201,소리꾼,2020-07-01,10260520,2.7,148420,1.5,629480260,1361,32,2.4,77414,240,349,20200714
10,10,0,OLD,20193263,너와 파도를 탈 수 있다면,2020-07-08,7257060,1.9,1436520,24.7,76806920,874,153,21.2,8811,207,250,20200714
1,1,0,OLD,20193069,#살아있다,2020-06-24,160280640,40.2,-317951420,-66.5,15273788940,19542,-33544,-63.2,1802478,999,3495,20200713
2,2,0,OLD,20204644,밤쉘: 세상을 바꾼 폭탄선언,2020-07-08,64382480,16.1,-130675660,-67,861120940,7933,-13879,-63.6,101397,746,2052,20200713
3,3,0,OLD,20183813,결백,2020-06-10,32067840,8.0,-61483060,-65.7,7567667400,3852,-6448,-62.6,856850,412,809,20200713
4,4,0,OLD,20191048,온워드: 단 하루의 기적,2020-06-17,16853800,4.2,-71751940,-81,3271942260,2059,-8209,-79.9,378627,295,420,20200713
5,5,0,OLD,20112703,다크 나이트 라이즈,2012-07-19,15858480,4.0,-25159420,-61.3,47889880200,2030,-3148,-60.8,6425816,280,442,20200713
6,6,0,OLD,20200162,소년시절의 너,2020-07-09,16574500,4.2,-25050400,-60.2,174006000,1955,-2526,-56.4,20227,208,415,20200713
7,7,2,OLD,20201421,BIFAN2020 판타스틱 단편 걸작선 1, ,8400000,2.1,-7200000,-46.2,61200000,1400,-1200,-46.2,10200,3,12,20200713
8,8,-1,OLD,20196201,소리꾼,2020-07-01,10112100,2.5,-18493080,-64.6,619219740,1329,-2040,-60.6,76053,249,359,20200713
9,9,-1,OLD,20112561,원 데이,2012-12-13,10300600,2.6,-15073500,-59.4,1610220500,1278,-1448,-53.1,217513,142,288,20200713
10,10,0,OLD,20193263,너와 파도를 탈 수 있다면,2020-07-08,5820540,1.5,-12191420,-67.7,69549860,721,-1285,-64.1,7937,191,232,20200713
1,1,0,OLD,20193069,#살아있다,2020-06-24,478232060,41.6,-37112100,-7.2,15113508300,53086,-4154,-7.3,1782936,1096,4647,20200712
2,2,0,OLD,20204644,밤쉘: 세상을 바꾼 폭탄선언,2020-07-08,195058140,17.0,-49352140,-20.2,796738460,21812,-5501,-20.1,93464,847,2835,20200712
3,3,0,OLD,20183813,결백,2020-06-10,93550900,8.1,2330460,2.6,7535599560,10300,171,1.7,852998,475,988,20200712
4,4,0,OLD,20191048,온워드: 단 하루의 기적,2020-06-17,88605740,7.7,7724940,9.6,3255088460,10268,972,10.5,376568,453,826,20200712
5,5,0,OLD,20112703,다크 나이트 라이즈,2012-07-19,41017900,3.6,-9198660,-18.3,47874021720,5178,-1115,-17.7,6423786,309,529,20200712
6,6,0,OLD,20200162,소년시절의 너,2020-07-09,41624900,3.6,-18500,0,157431500,4481,-72,-1.6,18272,232,526,20200712
7,7,0,OLD,20196201,소리꾼,2020-07-01,28605180,2.5,1565480,5.8,609107640,3369,149,4.6,74724,310,475,20200712
8,8,1,OLD,20112561,원 데이,2012-12-13,25374100,2.2,588800,2.4,1599919900,2726,-17,-0.6,216235,156,323,20200712
9,9,-1,OLD,20201421,BIFAN2020 판타스틱 단편 걸작선 1, ,15600000,1.4,-3000000,-16.1,52800000,2600,-500,-16.1,8800,5,23,20200712
10,10,1,OLD,20193263,너와 파도를 탈 수 있다면,2020-07-08,18011960,1.6,-253020,-1.4,63729320,2006,52,2.7,7216,248,312,20200712
1,1,0,OLD,20193069,#살아있다,2020-06-24,515344160,41.2,275869760,115.2,14635276240,57240,30844,116.9,1729850,1111,4722,20200711
2,2,0,OLD,20204644,밤쉘: 세상을 바꾼 폭탄선언,2020-07-08,244410280,19.5,125097320,104.8,601680320,27313,13763,101.6,71652,882,3064,20200711
3,3,0,OLD,20183813,결백,2020-06-10,91220440,7.3,52358680,134.7,7442048660,10129,5835,135.9,842698,466,968,20200711
4,4,2,OLD,20191048,온워드: 단 하루의 기적,2020-06-17,80880800,6.5,59073240,270.9,3166482720,9296,6842,278.8,366300,435,796,20200711
5,5,-1,OLD,20112703,다크 나이트 라이즈,2012-07-19,50216560,4.0,19684340,64.5,47833003820,6293,2481,65.1,6418608,317,544,20200711
6,6,-1,OLD,20200162,소년시절의 너,2020-07-09,41643400,3.3,15661400,60.3,115806600,4553,1733,61.5,13791,231,521,20200711
7,7,1,OLD,20196201,소리꾼,2020-07-01,27039700,2.2,12004620,79.8,580502460,3220,1454,82.3,71355,299,467,20200711
8,8,-1,OLD,20201421,BIFAN2020 판타스틱 단편 걸작선 1, ,18600000,1.5,6600000,55,37200000,3100,1100,55,6200,6,28,20200711
9,9,0,OLD,20112561,원 데이,2012-12-13,24785300,2.0,10924700,78.8,1574545800,2743,1183,75.8,213509,151,306,20200711
10,10,0,OLD,20208182,그레텔과 헨젤,2020-07-08,22450140,1.8,8802140,64.5,81332560,2463,958,63.7,9049,322,460,20200711
1,1,0,OLD,20193069,#살아있다,2020-06-24,239474400,39.2,72632940,43.5,14119932080,26396,6250,31,1672610,1047,3927,20200710
2,2,0,OLD,20204644,밤쉘: 세상을 바꾼 폭탄선언,2020-07-08,119312960,19.5,24723780,26.1,357270040,13550,1326,10.8,44339,838,2593,20200710
3,3,1,OLD,20183813,결백,2020-06-10,38861760,6.4,8252780,27,7350828220,4294,609,16.5,832569,438,777,20200710
4,4,1,OLD,20112703,다크 나이트 라이즈,2012-07-19,30532220,5.0,4393480,16.8,47782787260,3812,571,17.6,6412315,291,495,20200710
5,5,-2,OLD,20200162,소년시절의 너,2020-07-09,25982000,4.3,-8015200,-23.6,74163200,2820,-1432,-33.7,9238,231,513,20200710
6,6,0,OLD,20191048,온워드: 단 하루의 기적,2020-06-17,21807560,3.6,5293340,32.1,3085601920,2454,446,22.2,357004,301,452,20200710
7,7,5,OLD,20201421,BIFAN2020 판타스틱 단편 걸작선 1, ,12000000,2.0,5400000,81.8,18600000,2000,900,81.8,3100,4,19,20200710
8,8,0,OLD,20196201,소리꾼,2020-07-01,15035080,2.5,3620780,31.7,553462760,1766,255,16.9,68135,287,409,20200710
9,9,1,OLD,20112561,원 데이,2012-12-13,13860600,2.3,4036100,41.1,1549760500,1560,301,23.9,210766,136,272,20200710
10,10,-3,OLD,20208182,그레텔과 헨젤,2020-07-08,13648000,2.2,890980,7,58882420,1505,-31,-2,6586,281,421,20200710
1,1,0,OLD,20193069,#살아있다,2020-06-24,166841460,33.4,-30716240,-15.5,13880457680,20146,-3731,-15.6,1646214,1013,3546,20200709
2,2,0,OLD,20204644,밤쉘: 세상을 바꾼 폭탄선언,2020-07-08,94589180,18.9,-25687320,-21.4,237957080,12224,-3723,-23.3,30789,799,2378,20200709
3,3,0,NEW,20200162,소년시절의 너,2020-07-09,33997200,6.8,33997200,100,48181200,4252,4252,100,6418,252,532,20200709
4,4,0,OLD,20183813,결백,2020-06-10,30608980,6.1,-11211220,-26.8,7311966460,3685,-1308,-26.2,828275,399,714,20200709
5,5,-2,OLD,20112703,다크 나이트 라이즈,2012-07-19,26138740,5.2,-24514060,-48.4,47752255040,3241,-2718,-45.6,6408503,284,461,20200709
6,6,1,OLD,20191048,온워드: 단 하루의 기적,2020-06-17,16514220,3.3,-3698180,-18.3,3063794360,2008,-432,-17.7,354550,287,399,20200709
7,7,-1,OLD,20208182,그레텔과 헨젤,2020-07-08,12757020,2.6,-8220380,-39.2,45234420,1536,-958,-38.4,5081,304,463,20200709
8,8,-3,OLD,20196201,소리꾼,2020-07-01,11414300,2.3,-7862680,-40.8,538427680,1511,-1092,-42,66369,269,387,20200709
9,9,10,OLD,20193450,반도,2020-07-15,11990000,2.4,9390000,361.2,15780000,1394,1194,597,1764,9,10,20200709
10,10,-2,OLD,20112561,원 데이,2012-12-13,9824500,2.0,-255400,-2.5,1535899900,1259,-36,-2.8,209206,145,271,20200709
1,1,0,OLD,20193069,#살아있다,2020-06-24,197557700,36.4,-15287160,-7.2,13713616220,23877,-1949,-7.5,1626068,1104,4024,20200708
2,2,0,NEW,20204644,밤쉘: 세상을 바꾼 폭탄선언,2020-07-08,120276500,22.2,120276500,100,143367900,15947,15947,100,18565,801,2549,20200708
3,3,0,NEW,20112703,다크 나이트 라이즈,2012-07-19,50652800,9.3,50652800,100,47726116300,5959,5959,100,6405262,309,520,20200708
4,4,-2,OLD,20183813,결백,2020-06-10,41820200,7.7,-8161380,-16.3,7281357480,4993,-1056,-17.5,824590,459,968,20200708
5,5,-2,OLD,20196201,소리꾼,2020-07-01,19276980,3.6,-15325800,-44.3,527013380,2603,-1810,-41,64858,338,551,20200708
6,6,0,NEW,20208182,그레텔과 헨젤,2020-07-08,20977400,3.9,20977400,100,32477400,2494,2494,100,3545,325,609,20200708
7,7,-2,OLD,20191048,온워드: 단 하루의 기적,2020-06-17,20212400,3.7,-9799700,-32.7,3047280140,2440,-1241,-33.7,352542,323,506,20200708
8,8,11,OLD,20112561,원 데이,2012-12-13,10079900,1.9,8162900,425.8,1526075400,1295,1082,508,207947,143,275,20200708
9,9,0,NEW,20193263,너와 파도를 탈 수 있다면,2020-07-08,9750020,1.8,9750020,100,12426020,1205,1205,100,1493,230,320,20200708
10,10,-2,OLD,20179462,위대한 쇼맨,2017-12-20,3661020,0.7,-1591480,-30.3,13317041980,591,-271,-31.4,1694574,67,90,20200708
1,1,0,OLD,20193069,#살아있다,2020-06-24,212844860,48.2,-33182860,-13.5,13516058520,25826,-3605,-12.2,1602191,1314,4814,20200707
2,2,0,OLD,20183813,결백,2020-06-10,49981580,11.3,-2932640,-5.5,7239537280,6049,-347,-5.4,819597,536,1215,20200707
3,3,0,OLD,20196201,소리꾼,2020-07-01,34602780,7.8,416820,1.2,507736400,4413,-12,-0.3,62255,483,1140,20200707
4,4,0,OLD,20081056,다크 나이트,2008-08-06,34007920,7.7,2736020,8.7,28153887380,4288,301,7.5,4221815,341,535,20200707
5,5,0,OLD,20191048,온워드: 단 하루의 기적,2020-06-17,30012100,6.8,2049820,7.3,3027067740,3681,296,8.7,350102,422,747,20200707
6,6,0,OLD,20208617,인베이젼 2020,2020-07-01,8563960,1.9,-1052000,-10.9,172719060,1083,-142,-11.6,20851,265,364,20200707
7,7,83,OLD,20200802,킬 스위치,2020-07-01,5010000,1.1,4958000,9534.6,5184900,1001,995,16583.3,1021,51,51,20200707
8,8,0,OLD,20179462,위대한 쇼맨,2017-12-20,5252500,1.2,268820,5.4,13313380960,862,46,5.6,1693983,92,138,20200707
9,9,0,OLD,20200836,트로이 디렉터스 컷,2020-07-03,6868680,1.6,622500,10,44154280,853,53,6.6,5173,138,148,20200707
10,10,-3,OLD,20200361,"아무튼, 아담",2020-07-02,4639500,1.1,-1247500,-21.2,50583500,685,-222,-24.5,7007,94,142,20200707
1,1,0,OLD,20193069,#살아있다,2020-06-24,246027720,53.8,-590792900,-70.6,13303213660,29431,-63675,-68.4,1576365,1329,5065,20200706
2,2,0,OLD,20183813,결백,2020-06-10,52914220,11.6,-102406920,-65.9,7189555700,6396,-11047,-63.3,813548,544,1247,20200706
3,3,1,OLD,20196201,소리꾼,2020-07-01,34185960,7.5,-71680580,-67.7,473133620,4425,-8141,-64.8,57842,485,1174,20200706
4,4,1,OLD,20081056,다크 나이트,2008-08-06,31271900,6.8,-38519540,-55.2,28119879460,3987,-4917,-55.2,4217527,343,527,20200706
5,5,-2,OLD,20191048,온워드: 단 하루의 기적,2020-06-17,27962280,6.1,-99184260,-78,2997055640,3385,-11515,-77.3,346421,400,741,20200706
6,6,0,OLD,20208617,인베이젼 2020,2020-07-01,9615960,2.1,-27611320,-74.2,164155100,1225,-3053,-71.4,19768,273,394,20200706
7,7,2,OLD,20200361,"아무튼, 아담",2020-07-02,5887000,1.3,-3537500,-37.5,45944000,907,-262,-22.4,6322,89,143,20200706
8,8,-1,OLD,20179462,위대한 쇼맨,2017-12-20,4983680,1.1,-5819380,-53.9,13308128460,816,-968,-54.3,1693121,89,142,20200706
9,9,-1,OLD,20200836,트로이 디렉터스 컷,2020-07-03,6246180,1.4,-4699180,-42.9,37285600,800,-465,-36.8,4320,144,156,20200706
10,10,1,OLD,20200083,해피 디 데이,2020-07-01,2408300,0.5,-3729440,-60.8,30406520,302,-399,-56.9,3677,115,126,20200706
1,1,0,OLD,20193069,#살아있다,2020-06-24,836820620,57.8,-162815520,-16.3,13057185940,93106,-17784,-16,1546934,1502,7017,20200705
2,2,0,OLD,20183813,결백,2020-06-10,155321140,10.7,-18750140,-10.8,7136641480,17443,-2164,-11,807152,608,1577,20200705
3,3,0,OLD,20191048,온워드: 단 하루의 기적,2020-06-17,127146540,8.8,-6617740,-4.9,2969093360,14900,-668,-4.3,343036,597,1307,20200705
4,4,0,OLD,20196201,소리꾼,2020-07-01,105866540,7.3,-11223580,-9.6,438947660,12566,-1303,-9.4,53417,557,1584,20200705
5,5,0,OLD,20081056,다크 나이트,2008-08-06,69791440,4.8,-12475180,-15.2,28088607560,8904,-1543,-14.8,4213540,378,620,20200705
6,6,0,OLD,20208617,인베이젼 2020,2020-07-01,37227280,2.6,-2377340,-6,154539140,4278,-245,-5.4,18543,349,551,20200705
7,7,0,OLD,20179462,위대한 쇼맨,2017-12-20,10803060,0.7,-1562180,-12.6,13303144780,1784,-234,-11.6,1692305,93,144,20200705
8,8,0,OLD,20200836,트로이 디렉터스 컷,2020-07-03,10945360,0.8,-2503500,-18.6,31039420,1265,-233,-15.6,3520,149,161,20200705
9,9,0,OLD,20200361,"아무튼, 아담",2020-07-02,9424500,0.7,-862500,-8.4,40057000,1169,-123,-9.5,5415,102,153,20200705
10,10,1,OLD,20196702,야구소녀,2020-06-18,6686580,0.5,-54020,-0.8,288302100,715,-59,-7.6,33259,66,89,20200705
1,1,0,OLD,20193069,#살아있다,2020-06-24,999636140,59.4,532482600,114,12220365320,110890,59032,113.8,1453828,1508,7244,20200704
2,2,0,OLD,20183813,결백,2020-06-10,174071280,10.3,89594740,106.1,6981320340,19607,9837,100.7,789709,613,1613,20200704
3,3,2,OLD,20191048,온워드: 단 하루의 기적,2020-06-17,133764280,7.9,87479440,189,2841946820,15568,10168,188.3,328136,588,1297,20200704
4,4,-1,OLD,20196201,소리꾼,2020-07-01,117090120,7.0,53743020,84.8,333081120,13869,6294,83.1,40851,571,1668,20200704
5,5,-1,OLD,20081056,다크 나이트,2008-08-06,82266620,4.9,33167780,67.6,28018816120,10447,4197,67.2,4204636,376,627,20200704
6,6,0,OLD,20208617,인베이젼 2020,2020-07-01,39604620,2.4,19013260,92.3,117311860,4523,2135,89.4,14265,354,566,20200704
7,7,1,OLD,20179462,위대한 쇼맨,2017-12-20,12365240,0.7,6048220,95.7,13292341720,2018,974,93.3,1690521,93,142,20200704
8,8,1,OLD,20200836,트로이 디렉터스 컷,2020-07-03,13448860,0.8,6803660,102.4,20094060,1498,741,97.9,2255,159,171,20200704
9,9,-2,OLD,20200361,"아무튼, 아담",2020-07-02,10287000,0.6,2350500,29.6,30632500,1292,154,13.5,4246,110,163,20200704
10,10,1,OLD,20200846,부산행:익스텐디드,2020-07-01,6307000,0.4,2677000,73.7,19405000,794,335,73,2441,86,148,20200704
1,1,0,OLD,20193069,#살아있다,2020-06-24,467153540,57.9,98311860,26.7,11220729180,51858,7383,16.6,1342938,1444,6066,20200703
2,2,0,OLD,20183813,결백,2020-06-10,84476540,10.5,18131180,27.3,6807249060,9770,1598,19.6,770102,609,1405,20200703
3,3,0,OLD,20196201,소리꾼,2020-07-01,63347100,7.8,7777160,14,215991000,7575,376,5.2,26982,535,1569,20200703
4,4,0,OLD,20081056,다크 나이트,2008-08-06,49098840,6.1,5127720,11.7,27936549500,6250,667,11.9,4194189,355,580,20200703
5,5,0,OLD,20191048,온워드: 단 하루의 기적,2020-06-17,46284840,5.7,9079380,24.4,2708182540,5400,796,17.3,312568,442,819,20200703
6,6,0,OLD,20208617,인베이젼 2020,2020-07-01,20591360,2.6,-240800,-1.2,77707240,2388,-322,-11.9,9742,339,527,20200703
7,7,0,OLD,20200361,"아무튼, 아담",2020-07-02,7936500,1.0,-2288500,-22.4,20345500,1138,-366,-24.3,2954,99,159,20200703
8,8,0,OLD,20179462,위대한 쇼맨,2017-12-20,6317020,0.8,689440,12.3,13279976480,1044,119,12.9,1688503,82,121,20200703
9,9,0,NEW,20200836,트로이 디렉터스 컷,2020-07-03,6645200,0.8,6645200,100,6645200,757,757,100,757,130,134,20200703
10,10,-1,OLD,20196702,야구소녀,2020-06-18,4924200,0.6,-2097240,-29.9,274874920,470,-247,-34.4,31770,59,80,20200703
1,1,0,OLD,20193069,#살아있다,2020-06-24,368841680,54.8,-59782820,-13.9,10753575640,44475,-7184,-13.9,1291080,1401,5783,20200702
2,2,0,OLD,20183813,결백,2020-06-10,66345360,9.9,-8257960,-11.1,6722772520,8172,-1072,-11.6,760332,554,1284,20200702
3,3,0,OLD,20196201,소리꾼,2020-07-01,55569940,8.3,-14935020,-21.2,152643900,7199,-1911,-21,19407,552,1561,20200702
4,4,0,OLD,20081056,다크 나이트,2008-08-06,43971120,6.5,-9790020,-18.2,27887450660,5583,-1247,-18.3,4187939,354,573,20200702
5,5,0,OLD,20191048,온워드: 단 하루의 기적,2020-06-17,37205460,5.5,-8253700,-18.2,2661897700,4604,-1040,-18.4,307168,405,746,20200702
6,6,0,OLD,20208617,인베이젼 2020,2020-07-01,20832160,3.1,-9955560,-32.3,57115880,2710,-1275,-32,7354,339,558,20200702
7,7,0,NEW,20200361,"아무튼, 아담",2020-07-02,10225000,1.5,10225000,100,12409000,1504,1504,100,1816,106,166,20200702
8,8,-1,OLD,20179462,위대한 쇼맨,2017-12-20,5627580,0.8,-153400,-2.7,13273659460,925,-35,-3.6,1687459,82,116,20200702
9,9,1,OLD,20196702,야구소녀,2020-06-18,7021440,1.0,2138240,43.8,269950720,717,99,16,31300,62,83,20200702
10,10,0,NEW,20201841,부활,2020-07-09,4770000,0.7,4770000,100,5470000,530,530,100,630,2,2,20200702
1,1,0,OLD,20193069,#살아있다,2020-06-24,428624500,56.5,-115224220,-21.2,10384733960,51659,-15439,-23,1246605,1441,6137,20200701
2,2,0,OLD,20183813,결백,2020-06-10,74603320,9.8,-41243180,-35.6,6656427160,9244,-5499,-37.3,752160,536,1323,20200701
3,3,0,NEW,20196201,소리꾼,2020-07-01,70504960,9.3,70504960,100,97073960,9110,9110,100,12208,573,1676,20200701
4,4,0,NEW,20081056,다크 나이트,2008-08-06,53761140,7.1,53761140,100,27843479540,6830,6830,100,4182356,355,603,20200701
5,5,-2,OLD,20191048,온워드: 단 하루의 기적,2020-06-17,45459160,6.0,-28971760,-38.9,2624692240,5644,-3835,-40.5,302564,425,827,20200701
6,6,5,OLD,20208617,인베이젼 2020,2020-07-01,30787720,4.1,26161720,565.5,36283720,3985,3471,675.3,4644,338,609,20200701
7,7,-1,OLD,20179462,위대한 쇼맨,2017-12-20,5780980,0.8,-5582460,-49.1,13268031880,960,-917,-48.9,1686534,90,126,20200701
8,8,0,NEW,20200846,부산행:익스텐디드,2020-07-01,5904000,0.8,5904000,100,5904000,745,745,100,745,88,190,20200701
9,9,0,NEW,20200083,해피 디 데이,2020-07-01,5770220,0.8,5770220,100,9626220,728,728,100,1210,132,171,20200701
10,10,-2,OLD,20196702,야구소녀,2020-06-18,4883200,0.6,-1948380,-28.5,262929280,618,-268,-30.2,30583,62,110,20200701
1,1,0,OLD,20193069,#살아있다,2020-06-24,543848720,63.2,-13043680,-2.3,9956109460,67098,-747,-1.1,1194946,1641,7147,20200630
2,2,0,OLD,20183813,결백,2020-06-10,115846500,13.5,18573020,19.1,6581823840,14743,2640,21.8,742916,601,1828,20200630
3,3,0,OLD,20191048,온워드: 단 하루의 기적,2020-06-17,74430920,8.7,13408580,22,2579233080,9479,1889,24.9,296920,532,1268,20200630
4,4,0,OLD,20050112,배트맨 비긴즈,2005-06-24,22660460,2.6,6134580,37.1,5793851160,2820,757,36.7,902295,279,477,20200630
5,5,0,OLD,20193859,사라진 시간,2020-06-18,18109640,2.1,3514660,24.1,1640904740,2288,467,25.6,184400,374,621,20200630
6,6,0,OLD,20179462,위대한 쇼맨,2017-12-20,11363440,1.3,1589800,16.3,13262250900,1877,262,16.2,1685574,135,178,20200630
7,7,0,OLD,20209644,엔딩스 비기닝스,2020-06-24,8439200,1.0,764680,10,101934960,1077,116,12.1,12429,219,290,20200630
8,8,0,OLD,20196702,야구소녀,2020-06-18,6831580,0.8,1487220,27.8,258046080,886,195,28.2,29965,91,145,20200630
9,9,0,OLD,20197863,침입자,2020-06-04,6011640,0.7,914240,17.9,4799303080,767,134,21.2,530661,129,190,20200630
10,10,0,OLD,20178522,콜 미 바이 유어 네임,2018-03-22,4314840,0.5,853340,24.7,1895253628,537,103,23.7,224881,43,53,20200630
1,1,0,OLD,20193069,#살아있다,2020-06-24,556892400,69.4,-1706555140,-75.4,9412260740,67845,-188288,-73.5,1127848,1644,7111,20200629
2,2,0,OLD,20183813,결백,2020-06-10,97273480,12.1,-241126680,-71.3,6465977340,12103,-27834,-69.7,728173,583,1759,20200629
3,3,0,OLD,20191048,온워드: 단 하루의 기적,2020-06-17,61022340,7.6,-255703480,-80.7,2504802160,7590,-30710,-80.2,287441,519,1181,20200629
4,4,0,OLD,20050112,배트맨 비긴즈,2005-06-24,16525880,2.1,-39473000,-70.5,5771190700,2063,-5861,-74,899475,261,447,20200629
5,5,1,OLD,20193859,사라진 시간,2020-06-18,14594980,1.8,-31890800,-68.6,1622795100,1821,-3696,-67,182112,355,575,20200629
6,6,-1,OLD,20179462,위대한 쇼맨,2017-12-20,9773640,1.2,-25452700,-72.3,13250887460,1615,-4229,-72.4,1683697,139,182,20200629
7,7,1,OLD,20209644,엔딩스 비기닝스,2020-06-24,7674520,1.0,-11660840,-60.3,93495760,961,-1244,-56.4,11352,212,285,20200629
8,8,-1,OLD,20196702,야구소녀,2020-06-18,5344360,0.7,-14229720,-72.7,251214500,691,-1624,-70.2,29079,83,132,20200629
9,9,0,OLD,20197863,침입자,2020-06-04,5097400,0.6,-12702880,-71.4,4793291440,633,-1523,-70.6,529894,135,180,20200629
10,10,2,OLD,20178522,콜 미 바이 유어 네임,2018-03-22,3461500,0.4,-6562760,-65.5,1890938788,434,-702,-61.8,224344,42,53,20200629
1,1,0,OLD,20193069,#살아있다,2020-06-24,2263447540,70.3,-380699260,-14.4,8855368340,256133,-38124,-13,1060003,1869,9044,20200628
2,2,0,OLD,20183813,결백,2020-06-10,338400160,10.5,10068240,3.1,6368703860,39937,2022,5.3,716070,644,1981,20200628
3,3,0,OLD,20191048,온워드: 단 하루의 기적,2020-06-17,316725820,9.8,12802680,4.2,2443779820,38300,2455,6.8,279851,661,1701,20200628
4,4,0,OLD,20050112,배트맨 비긴즈,2005-06-24,55998880,1.7,-3317820,-5.6,5754664820,7924,-192,-2.4,897412,295,526,20200628
5,5,0,OLD,20179462,위대한 쇼맨,2017-12-20,35226340,1.1,1180140,3.5,13241113820,5844,239,4.3,1682082,140,182,20200628
6,6,0,OLD,20193859,사라진 시간,2020-06-18,46485780,1.4,3548660,8.3,1608200120,5517,555,11.2,180291,428,676,20200628
7,7,0,OLD,20196702,야구소녀,2020-06-18,19574080,0.6,-8563440,-30.4,245870140,2315,-640,-21.7,28388,92,149,20200628
8,8,0,OLD,20209644,엔딩스 비기닝스,2020-06-24,19335360,0.6,-1304500,-6.3,85821240,2205,-122,-5.2,10391,240,312,20200628
9,9,0,OLD,20197863,침입자,2020-06-04,17800280,0.6,879900,5.2,4788194040,2156,179,9.1,529261,164,237,20200628
10,10,0,OLD,20090161,슬럼독 밀리어네어,2009-03-19,11653000,0.4,3650500,45.6,7425871300,1941,602,45,1118134,46,64,20200628
1,1,0,OLD,20193069,#살아있다,2020-06-24,2644146800,73.5,1263946700,91.6,6591920800,294257,141707,92.9,803870,1882,9221,20200627
2,2,0,OLD,20183813,결백,2020-06-10,328331920,9.1,153715240,88,6030303700,37915,17593,86.6,676133,644,1995,20200627
3,3,0,OLD,20191048,온워드: 단 하루의 기적,2020-06-17,303923140,8.5,184559840,154.6,2127054000,35845,22192,162.5,241551,654,1704,20200627
4,4,0,OLD,20050112,배트맨 비긴즈,2005-06-24,59316700,1.6,22374540,60.6,5698665940,8116,2941,56.8,889488,301,544,20200627
5,5,1,OLD,20179462,위대한 쇼맨,2017-12-20,34046200,0.9,12800520,60.2,13205887480,5605,2076,58.8,1676238,142,187,20200627
6,6,-1,OLD,20193859,사라진 시간,2020-06-18,42937120,1.2,9662300,29,1561714340,4962,1086,28,174774,442,685,20200627
7,7,1,OLD,20196702,야구소녀,2020-06-18,28137520,0.8,15846400,128.9,226296060,2955,1620,121.3,26073,99,156,20200627
8,8,-1,OLD,20209644,엔딩스 비기닝스,2020-06-24,20639860,0.6,4300600,26.3,66485880,2327,453,24.2,8186,246,327,20200627
9,9,0,OLD,20197863,침입자,2020-06-04,16920380,0.5,6821540,67.5,4770393760,1977,805,68.7,527105,160,233,20200627
10,10,0,OLD,20090161,슬럼독 밀리어네어,2009-03-19,8002500,0.2,1546000,23.9,7414218300,1339,259,24,1116193,45,63,20200627
1,1,0,OLD,20193069,#살아있다,2020-06-24,1380200100,73.4,139592200,11.3,3947774000,152550,3559,2.4,509613,1713,7839,20200626
2,2,0,OLD,20183813,결백,2020-06-10,174616680,9.3,41095900,30.8,5701971780,20322,3686,22.2,638218,647,1913,20200626
3,3,0,OLD,20191048,온워드: 단 하루의 기적,2020-06-17,119363300,6.3,34209380,40.2,1823130860,13653,3148,30,205706,539,1316,20200626
4,4,0,OLD,20050112,배트맨 비긴즈,2005-06-24,36942160,2.0,4564980,14.1,5639349240,5175,499,10.7,881372,300,525,20200626
5,5,0,OLD,20193859,사라진 시간,2020-06-18,33274820,1.8,4634640,16.2,1518777220,3876,235,6.5,169812,477,846,20200626
6,6,0,OLD,20179462,위대한 쇼맨,2017-12-20,21245680,1.1,863420,4.2,13171841280,3529,140,4.1,1670633,140,189,20200626
7,7,0,OLD,20209644,엔딩스 비기닝스,2020-06-24,16339260,0.9,145200,0.9,45846020,1874,-147,-7.3,5859,239,346,20200626
8,8,1,OLD,20196702,야구소녀,2020-06-18,12291120,0.7,1166460,10.5,198158540,1335,18,1.4,23118,91,141,20200626
9,9,3,OLD,20197863,침입자,2020-06-04,10098840,0.5,1972060,24.3,4753473380,1172,137,13.2,525128,181,240,20200626
10,10,1,OLD,20090161,슬럼독 밀리어네어,2009-03-19,6456500,0.3,-158500,-2.4,7406215800,1080,-28,-2.5,1114854,47,62,20200626
1,1,0,OLD,20193069,#살아있다,2020-06-24,1240607900,73.9,-70688100,-5.4,2567573900,148991,-55075,-27,357063,1637,7311,20200625
2,2,0,OLD,20183813,결백,2020-06-10,133520780,8.0,65532660,96.4,5527355100,16636,6012,56.6,617896,622,1862,20200625
3,3,0,OLD,20191048,온워드: 단 하루의 기적,2020-06-17,85153920,5.1,38485540,82.5,1703767560,10505,3412,48.1,192053,519,1254,20200625
4,4,1,OLD,20050112,배트맨 비긴즈,2005-06-24,32377180,1.9,14573280,81.9,5602407080,4676,2399,105.4,876197,297,507,20200625
5,5,-1,OLD,20193859,사라진 시간,2020-06-18,28640180,1.7,8398880,41.5,1485502400,3641,489,15.5,165936,458,826,20200625
6,6,3,OLD,20179462,위대한 쇼맨,2017-12-20,20382260,1.2,16237620,391.8,13150595600,3389,2671,372,1667104,136,176,20200625
7,7,-1,OLD,20209644,엔딩스 비기닝스,2020-06-24,16194060,1.0,4906360,43.5,29506760,2021,282,16.2,3985,251,354,20200625
8,8,5,OLD,20178522,콜 미 바이 유어 네임,2018-03-22,11093840,0.7,9422700,563.8,1861034528,1353,1068,374.7,220995,40,55,20200625
9,9,-2,OLD,20196702,야구소녀,2020-06-18,11124660,0.7,5059020,83.4,185867420,1317,341,34.9,21783,87,143,20200625
10,10,0,NEW,20204644,밤쉘: 세상을 바꾼 폭탄선언,2020-07-08,10718000,0.6,10718000,100,16966000,1210,1210,100,1991,5,5,20200625
1,1,7,OLD,20193069,#살아있다,2020-06-24,1311296000,86.3,1308793000,52289,1326966000,204066,202827,16370.2,208072,1662,7223,20200624
2,2,-1,OLD,20183813,결백,2020-06-10,67988120,4.5,-59556400,-46.7,5393834320,10624,-4750,-30.9,601260,598,1724,20200624
3,3,-1,OLD,20191048,온워드: 단 하루의 기적,2020-06-17,46668380,3.1,-21156940,-31.2,1618613640,7093,-1057,-13,181548,512,1145,20200624
4,4,-1,OLD,20193859,사라진 시간,2020-06-18,20241300,1.3,-39661320,-66.2,1456862220,3152,-4085,-56.4,162295,472,870,20200624
5,5,0,NEW,20050112,배트맨 비긴즈,2005-06-24,17803900,1.2,17803900,100,5570029900,2277,2277,100,871521,231,408,20200624
6,6,0,NEW,20209644,엔딩스 비기닝스,2020-06-24,11287700,0.7,11287700,100,13312700,1739,1739,100,1964,221,322,20200624
7,7,0,OLD,20196702,야구소녀,2020-06-18,6065640,0.4,-4350560,-41.8,174742760,976,-279,-22.2,20466,134,204,20200624
8,8,-4,OLD,20197863,침입자,2020-06-04,4631160,0.3,-20073780,-81.3,4735247760,725,-2277,-75.8,522921,158,211,20200624
9,9,-3,OLD,20179462,위대한 쇼맨,2017-12-20,4144640,0.3,-4528780,-52.2,13130213340,718,-681,-48.7,1663715,103,126,20200624
10,10,0,NEW,20208828,불량한 가족,2020-07-09,5445000,0.4,5445000,100,5445000,605,605,100,605,3,4,20200624
1,1,0,OLD,20183813,결백,2020-06-10,127544520,32.3,-14135920,-10,5325846200,15374,-1684,-9.9,590636,811,2567,20200623
2,2,1,OLD,20191048,온워드: 단 하루의 기적,2020-06-17,67825320,17.2,-2778140,-3.9,1571945260,8150,-169,-2,174455,827,2307,20200623
3,3,-1,OLD,20193859,사라진 시간,2020-06-18,59902620,15.2,-13273240,-18.1,1436620920,7237,-1534,-17.5,159143,683,1904,20200623
4,4,0,OLD,20197863,침입자,2020-06-04,24704940,6.3,548280,2.3,4730616600,3002,114,3.9,522196,402,736,20200623
5,5,6,OLD,20196201,소리꾼,2020-07-01,20187000,5.1,16367000,428.5,24007000,2243,1815,424.1,2671,16,16,20200623
6,6,-1,OLD,20179462,위대한 쇼맨,2017-12-20,8673420,2.2,1557680,21.9,13126068700,1399,248,21.5,1662997,180,251,20200623
7,7,-1,OLD,20196702,야구소녀,2020-06-18,10416200,2.6,1553160,17.5,168677120,1255,116,10.2,19490,215,326,20200623
8,8,0,NEW,20193069,#살아있다,2020-06-24,2503000,0.6,2503000,100,15670000,1239,1239,100,4006,5,5,20200623
9,9,0,OLD,20198890,아이즈 온 미 : 더 무비,2020-06-10,13169000,3.3,7091000,116.7,506274000,1016,547,116.6,39228,92,103,20200623
10,10,-3,OLD,20205481,에어로너츠,2020-06-10,7374600,1.9,896140,13.8,650497020,932,137,17.2,73341,203,279,20200623
1,1,0,OLD,20183813,결백,2020-06-10,141680440,37.1,-390501920,-73.4,5198301680,17058,-40406,-70.3,575262,796,2582,20200622
2,2,1,OLD,20193859,사라진 시간,2020-06-18,73175860,19.2,-264060360,-78.3,1376718300,8771,-27666,-75.9,151906,702,2044,20200622
3,3,-1,OLD,20191048,온워드: 단 하루의 기적,2020-06-17,70603460,18.5,-353718000,-83.4,1504119940,8319,-38338,-82.2,166305,834,2373,20200622
4,4,0,OLD,20197863,침입자,2020-06-04,24156660,6.3,-64620640,-72.8,4705911660,2888,-6872,-70.4,519194,407,730,20200622
5,5,0,OLD,20179462,위대한 쇼맨,2017-12-20,7115740,1.9,-30356200,-81,13117395280,1151,-5020,-81.3,1661598,170,238,20200622
6,6,0,OLD,20196702,야구소녀,2020-06-18,8863040,2.3,-30041300,-77.2,158260920,1139,-3171,-73.6,18235,199,315,20200622
7,7,0,OLD,20205481,에어로너츠,2020-06-10,6478460,1.7,-24657280,-79.2,643122420,795,-2467,-75.6,72409,193,256,20200622
8,8,0,OLD,20209463,나의 첫 번째 슈퍼스타,2020-06-10,5406720,1.4,-16497020,-75.3,436249280,661,-1643,-71.3,47846,142,185,20200622
9,9,1,OLD,20198890,아이즈 온 미 : 더 무비,2020-06-10,6078000,1.6,-10126500,-62.5,493105000,469,-778,-62.4,38212,84,90,20200622
10,10,0,NEW,20195483,에이브의 쿠킹 다이어리,2020-06-24,3605000,0.9,3605000,100,8868000,457,457,100,1120,3,3,20200622
1,1,0,OLD,20183813,결백,2020-06-10,532182360,32.3,-8927840,-1.6,5056621240,57464,-711,-1.2,558204,950,3227,20200621
2,2,0,OLD,20191048,온워드: 단 하루의 기적,2020-06-17,424321460,25.8,-44488640,-9.5,1433516480,46657,-4404,-8.6,157986,1117,4077,20200621
3,3,0,OLD,20193859,사라진 시간,2020-06-18,337236220,20.5,-79925280,-19.2,1303542440,36437,-8184,-18.3,143135,858,2992,20200621
4,4,0,OLD,20197863,침입자,2020-06-04,88777300,5.4,-8497720,-8.7,4681755000,9760,-1017,-9.4,516306,487,971,20200621
5,5,0,OLD,20179462,위대한 쇼맨,2017-12-20,37471940,2.3,901480,2.5,13110279540,6171,177,3,1660447,224,325,20200621
6,6,0,OLD,20196702,야구소녀,2020-06-18,38904340,2.4,518120,1.3,149397880,4310,102,2.4,17096,254,401,20200621
7,7,0,OLD,20205481,에어로너츠,2020-06-10,31135740,1.9,-6137600,-16.5,636643960,3262,-613,-15.8,71614,256,352,20200621
8,8,0,OLD,20209463,나의 첫 번째 슈퍼스타,2020-06-10,21903740,1.3,-2283180,-9.4,430842560,2304,-211,-8.4,47185,182,238,20200621
9,9,1,OLD,20184842,아이 캔 온리 이매진,2018-06-21,9095480,0.6,1405420,18.3,228396040,1385,221,19,28932,131,150,20200621
10,10,-1,OLD,20198890,아이즈 온 미 : 더 무비,2020-06-10,16204500,1.0,-1128500,-6.5,487027000,1247,-88,-6.6,37743,96,106,20200621
